cisco_xe_show_access-list\show_acces-list.txt,cisco_xe_show_access-list\show_acces-list.textfsm
cisco_xe_show_access-list\show_acces-list.txt,cisco_xe_show_access-list\show_acces-list.textfsm
cisco_xe_show_access-list\show_acces-list.txt,cisco_xe_show_access-list\show_acces-list.textfsm
cisco_xe_show_access-list\show_acces-list.txt,cisco_xe_show_access-list\show_acces-list.textfsm
cisco_xe_show_access-list\show_acces-list.txt,cisco_xe_show_access-list\show_acces-list.textfsm
cisco_xe_show_access-list\show_acces-list.txt,cisco_xe_show_access-list\show_acces-list.textfsm
cisco_xe_show_access-list\show_acces-list.txt,cisco_xe_show_access-list\show_acces-list.textfsm
cisco_xe_show_access-list\show_acces-list.txt,cisco_xe_show_access-list\show_acces-list.textfsm
cisco_xe_show_access-list\show_acces-list.txt,cisco_xe_show_access-list\show_acces-list.textfsm
cisco_xe_show_access-list\show_acces-list.txt,cisco_xe_show_access-list\show_acces-list.textfsm
cisco_xe_show_access-list\show_acces-list.txt,cisco_xe_show_access-list\show_acces-list.textfsm
cisco_xe_show_access-list\show_acces-list.txt,cisco_xe_show_access-list\show_acces-list.textfsm
cisco_xe_show_access-list\show_acces-list.txt,cisco_xe_show_access-list\show_acces-list.textfsm
cisco_xe_show_access-list\show_acces-list.txt,cisco_xe_show_access-list\show_acces-list.textfsm
cisco_xe_show_access-list\show_acces-list.txt,cisco_xe_show_access-list\show_acces-list.textfsm
cisco_xe_show_access-list\show_acces-list.txt,cisco_xe_show_access-list\show_acces-list.textfsm
cisco_xe_show_access-list\show_acces-list.txt,cisco_xe_show_access-list\show_acces-list.textfsm
cisco_xe_show_access-list\show_acces-list.txt,cisco_xe_show_access-list\show_acces-list.textfsm
cisco_xe_show_access-list\show_acces-list.txt,cisco_xe_show_access-list\show_acces-list.textfsm
cisco_xe_show_access-list\show_acces-list.txt,cisco_xe_show_access-list\show_acces-list.textfsm
cisco_xe_show_access-list\show_acces-list.txt,cisco_xe_show_access-list\show_acces-list.textfsm
cisco_xe_show_access-list\show_acces-list.txt,cisco_xe_show_access-list\show_acces-list.textfsm
cisco_xe_show_access-list\show_acces-list.txt,cisco_xe_show_access-list\show_acces-list.textfsm
cisco_xe_show_access-list\show_acces-list.txt,cisco_xe_show_access-list\show_acces-list.textfsm
cisco_xe_show_access-list\show_acces-list.txt,cisco_xe_show_access-list\show_acces-list.textfsm
cisco_xe_show_access-list\show_acces-list.txt,cisco_xe_show_access-list\show_acces-list.textfsm
cisco_xe_show_access-list\show_acces-list.txt,cisco_xe_show_access-list\show_acces-list.textfsm
cisco_xe_show_access-list\show_acces-list.txt,cisco_xe_show_access-list\show_acces-list.textfsm
cisco_xe_show_access-list\show_acces-list.txt,cisco_xe_show_access-list\show_acces-list.textfsm
cisco_xe_show_access-list\show_acces-list.txt,cisco_xe_show_access-list\show_acces-list.textfsm
